USE SSG1_7
GO

TRUNCATE TABLE SALGRADE
GO

TRUNCATE TABLE EMP
GO

TRUNCATE TABLE DEPT
GO

---Dept
INSERT INTO DEPT(DEPTNO, DNAME, LOC)
VALUES(10, 'ERP/BPM', '1')

INSERT INTO DEPT(DEPTNO, DNAME, LOC)
VALUES(20, 'EPM/HRMS', '2')

INSERT INTO DEPT(DEPTNO, DNAME, LOC)
VALUES(30, 'FSA/CRM', '3')

INSERT INTO DEPT(DEPTNO, DNAME, LOC)
VALUES(40, 'SYSTEM', '4')

INSERT INTO DEPT(DEPTNO, DNAME, LOC)
VALUES(50, 'TECHNOLOGY', '5')
GO

---Salgrade
INSERT INTO SALGRADE(GRADE, LOSAL, HISAL)
VALUES(1, 700, 1200)

INSERT INTO SALGRADE(GRADE, LOSAL, HISAL)
VALUES(2, 1201, 1400)

INSERT INTO SALGRADE(GRADE, LOSAL, HISAL)
VALUES(3, 1401, 2000)

INSERT INTO SALGRADE(GRADE, LOSAL, HISAL)
VALUES(4, 2001, 3000)

INSERT INTO SALGRADE(GRADE, LOSAL, HISAL)
VALUES(5, 3001, 9999)
GO
select * from dept
---Emp
INSERT INTO EMP(EMPNO, ENAME, JOB, HIREDATE, SAL, DEPTNO)
VALUES(7839, 'KING', 'PRESIDENT', '1981-11-17', 5000, 10)

INSERT INTO EMP(EMPNO, ENAME, JOB, MGR, HIREDATE, SAL, DEPTNO)
VALUES(7698, 'BLAKE', 'MANAGER', 7839, '1981-05-01', 2850, 30)

INSERT INTO EMP(EMPNO, ENAME, JOB, MGR, HIREDATE, SAL, DEPTNO)
VALUES(7782, 'CLARK', 'MANAGER', 7839, '1981-06-09', 2450, 10)

INSERT INTO EMP(EMPNO, ENAME, JOB, MGR, HIREDATE, SAL, DEPTNO)
VALUES(7566, 'JONES', 'MANAGER', 7839, '1981-04-02', 2975, 20)

INSERT INTO EMP(EMPNO, ENAME, JOB, MGR, HIREDATE, SAL, COMM, DEPTNO)
VALUES(7654, 'MARTIN', 'SALESMAN', 7698, '1981-09-28', 1250, 1400, 30)

INSERT INTO EMP(EMPNO, ENAME, JOB, MGR, HIREDATE, SAL, COMM, DEPTNO)
VALUES(7499, 'ALLEN', 'SALESMAN', 7698, '1981-02-20', 1600, 300, 30)

INSERT INTO EMP(EMPNO, ENAME, JOB, MGR, HIREDATE, SAL, COMM, DEPTNO)
VALUES(7844, 'TURNER', 'SALESMAN', 7698, '1981-09-08', 1500, 0, 30)

INSERT INTO EMP(EMPNO, ENAME, JOB, MGR, HIREDATE, SAL, DEPTNO)
VALUES(7900, 'JAMES', 'CLERK', 7698, '1981-12-03', 950, 30)

INSERT INTO EMP(EMPNO, ENAME, JOB, MGR, HIREDATE, SAL, COMM, DEPTNO)
VALUES(7521, 'WARD', 'SALESMAN', 7698, '1981-02-22', 1250, 500, 30)

INSERT INTO EMP(EMPNO, ENAME, JOB, MGR, HIREDATE, SAL, DEPTNO)
VALUES(7902, 'FORD', 'ANALYST', 7566, '1981-12-03', 3000, 20)

INSERT INTO EMP(EMPNO, ENAME, JOB, MGR, HIREDATE, SAL, DEPTNO)
VALUES(7369, 'SMITH', 'CLERK', 7902, '1980-12-17', 800, 20)

INSERT INTO EMP(EMPNO, ENAME, JOB, MGR, HIREDATE, SAL, DEPTNO)
VALUES(7788, 'SCOTT', 'ANALYST', 7566, '1982-12-09', 3000, 20)

INSERT INTO EMP(EMPNO, ENAME, JOB, MGR, HIREDATE, SAL, DEPTNO)
VALUES(7876, 'ADAMS', 'CLERK', 7788, '1983-01-12', 1100, 20)

INSERT INTO EMP(EMPNO, ENAME, JOB, MGR, HIREDATE, SAL, DEPTNO)
VALUES(7934, 'MILLER', 'CLERK', 7782, '1982-01-23', 1300, 10)
GO

---Test
SELECT *
FROM DEPT

SELECT *
FROM SALGRADE

SELECT *
FROM EMP
GO